Workbook

Sheet Revision History
A1: Revision History
A2: Version | B2: Baseline Date | C2: Change Description | D2: Author | E2: Reviewed By | F2: Approved By
D3: Name & Title
A4: v1.0 | B4: 44673 | C4: 1. New project metrics template 2. Formatting done, made it uniformed 3. Added RCA section to each sheets 4. Added targets of each metrics 5. Locked the formulated fields | D4: Prabhakar | E4: Manish Singla | F4: Manish Singla

Sheet Effort Variance (EV)
A1: Project Metrics Sheet
B3: Project Name | C3: <>
B4: Project Code | C4: <>
B5: Project Manager | C5: <>
B6: Last Udated Date | C6: <>
B9: Effort Variance | C9: Target for Effort Variance: -28.76% to 32.98% of planned effort
C11: Note: Please fill the details in white cells only. Colored cells are formulated and protected, it'll be autofilled.
C12: 44562 | F12: 44593 | I12: 44621 | L12: 44652 | O12: 44682 | R12: 44713 | U12: 44743 | X12: 44774 | AA12: 44805 | AD12: 44835 | AG12: 44866 | AJ12: 44896
A13: Sr. No. | B13: Milestone Name | C13: Planned Efforts (Hours) | D13: Actual Efforts (Hours) | E13: Effort Variance (%) | F13: Planned Efforts (Hours) | G13: Actual Efforts (Hours) | H13: Effort Variance (%) | I13: Planned Efforts (Hours) | J13: Actual Efforts (Hours) | K13: Effort Variance (%) | L13: Planned Efforts (Hours) | M13: Actual Efforts (Hours) | N13: Effort Variance (%) | O13: Planned Efforts (Hours) | P13: Actual Efforts (Hours) | Q13: Effort Variance (%) | R13: Planned Efforts (Hours) | S13: Actual Efforts (Hours) | T13: Effort Variance (%) | U13: Planned Efforts (Hours) | V13: Actual Efforts (Hours) | W13: Effort Variance (%) | X13: Planned Efforts (Hours) | Y13: Actual Efforts (Hours) | Z13: Effort Variance (%) | AA13: Planned Efforts (Hours) | AB13: Actual Efforts (Hours) | AC13: Effort Variance (%) | AD13: Planned Efforts (Hours) | AE13: Actual Efforts (Hours) | AF13: Effort Variance (%) | AG13: Planned Efforts (Hours) | AH13: Actual Efforts (Hours) | AI13: Effort Variance (%) | AJ13: Planned Efforts (Hours) | AK13: Actual Efforts (Hours) | AL13: Effort Variance (%)
A14: 1 | B14: Project Initiation | E14: =IFERROR((D14-C14)/C14,"") | H14: =IFERROR((G14-F14)/F14,"") | K14: =IFERROR((J14-I14)/I14,"") | N14: =IFERROR((M14-L14)/L14,"") | Q14: =IFERROR((P14-O14)/O14,"") | T14: =IFERROR((S14-R14)/R14,"") | W14: =IFERROR((V14-U14)/U14,"") | Z14: =IFERROR((Y14-X14)/X14,"") | AC14: =IFERROR((AB14-AA14)/AA14,"") | AF14: =IFERROR((AE14-AD14)/AD14,"") | AI14: =IFERROR((AH14-AG14)/AG14,"") | AL14: =IFERROR((AK14-AJ14)/AJ14,"")
A15: 2 | B15: SRS & Home Page Sign Off | E15: =IFERROR((D15-C15)/C15,"") | H15: =IFERROR((G15-F15)/F15,"") | K15: =IFERROR((J15-I15)/I15,"") | N15: =IFERROR((M15-L15)/L15,"") | Q15: =IFERROR((P15-O15)/O15,"") | T15: =IFERROR((S15-R15)/R15,"") | W15: =IFERROR((V15-U15)/U15,"") | Z15: =IFERROR((Y15-X15)/X15,"") | AC15: =IFERROR((AB15-AA15)/AA15,"") | AF15: =IFERROR((AE15-AD15)/AD15,"") | AI15: =IFERROR((AH15-AG15)/AG15,"") | AL15: =IFERROR((AK15-AJ15)/AJ15,"")
A16: 3 | B16: Design & Development | E16: =IFERROR((D16-C16)/C16,"") | H16: =IFERROR((G16-F16)/F16,"") | K16: =IFERROR((J16-I16)/I16,"") | N16: =IFERROR((M16-L16)/L16,"") | Q16: =IFERROR((P16-O16)/O16,"") | T16: =IFERROR((S16-R16)/R16,"") | W16: =IFERROR((V16-U16)/U16,"") | Z16: =IFERROR((Y16-X16)/X16,"") | AC16: =IFERROR((AB16-AA16)/AA16,"") | AF16: =IFERROR((AE16-AD16)/AD16,"") | AI16: =IFERROR((AH16-AG16)/AG16,"") | AL16: =IFERROR((AK16-AJ16)/AJ16,"")
A17: 4 | B17: Testing & Data Upload | E17: =IFERROR((D17-C17)/C17,"") | H17: =IFERROR((G17-F17)/F17,"") | K17: =IFERROR((J17-I17)/I17,"") | N17: =IFERROR((M17-L17)/L17,"") | Q17: =IFERROR((P17-O17)/O17,"") | T17: =IFERROR((S17-R17)/R17,"") | W17: =IFERROR((V17-U17)/U17,"") | Z17: =IFERROR((Y17-X17)/X17,"") | AC17: =IFERROR((AB17-AA17)/AA17,"") | AF17: =IFERROR((AE17-AD17)/AD17,"") | AI17: =IFERROR((AH17-AG17)/AG17,"") | AL17: =IFERROR((AK17-AJ17)/AJ17,"")
A18: 5 | B18: UAT & Security Audit | E18: =IFERROR((D18-C18)/C18,"") | H18: =IFERROR((G18-F18)/F18,"") | K18: =IFERROR((J18-I18)/I18,"") | N18: =IFERROR((M18-L18)/L18,"") | Q18: =IFERROR((P18-O18)/O18,"") | T18: =IFERROR((S18-R18)/R18,"") | W18: =IFERROR((V18-U18)/U18,"") | Z18: =IFERROR((Y18-X18)/X18,"") | AC18: =IFERROR((AB18-AA18)/AA18,"") | AF18: =IFERROR((AE18-AD18)/AD18,"") | AI18: =IFERROR((AH18-AG18)/AG18,"") | AL18: =IFERROR((AK18-AJ18)/AJ18,"")
A19: 6 | B19: Project Planning & Monitoring | E19: =IFERROR((D19-C19)/C19,"") | H19: =IFERROR((G19-F19)/F19,"") | K19: =IFERROR((J19-I19)/I19,"") | N19: =IFERROR((M19-L19)/L19,"") | Q19: =IFERROR((P19-O19)/O19,"") | T19: =IFERROR((S19-R19)/R19,"") | W19: =IFERROR((V19-U19)/U19,"") | Z19: =IFERROR((Y19-X19)/X19,"") | AC19: =IFERROR((AB19-AA19)/AA19,"") | AF19: =IFERROR((AE19-AD19)/AD19,"") | AI19: =IFERROR((AH19-AG19)/AG19,"") | AL19: =IFERROR((AK19-AJ19)/AJ19,"")
A20: 7 | B20: Change Management | E20: =IFERROR((D20-C20)/C20,"") | H20: =IFERROR((G20-F20)/F20,"") | K20: =IFERROR((J20-I20)/I20,"") | N20: =IFERROR((M20-L20)/L20,"") | Q20: =IFERROR((P20-O20)/O20,"") | T20: =IFERROR((S20-R20)/R20,"") | W20: =IFERROR((V20-U20)/U20,"") | Z20: =IFERROR((Y20-X20)/X20,"") | AC20: =IFERROR((AB20-AA20)/AA20,"") | AF20: =IFERROR((AE20-AD20)/AD20,"") | AI20: =IFERROR((AH20-AG20)/AG20,"") | AL20: =IFERROR((AK20-AJ20)/AJ20,"")
A21: 8 | B21: Go-Live & Project Closure | E21: =IFERROR((D21-C21)/C21,"") | H21: =IFERROR((G21-F21)/F21,"") | K21: =IFERROR((J21-I21)/I21,"") | N21: =IFERROR((M21-L21)/L21,"") | Q21: =IFERROR((P21-O21)/O21,"") | T21: =IFERROR((S21-R21)/R21,"") | W21: =IFERROR((V21-U21)/U21,"") | Z21: =IFERROR((Y21-X21)/X21,"") | AC21: =IFERROR((AB21-AA21)/AA21,"") | AF21: =IFERROR((AE21-AD21)/AD21,"") | AI21: =IFERROR((AH21-AG21)/AG21,"") | AL21: =IFERROR((AK21-AJ21)/AJ21,"")
A22: Total | C22: =SUM(C14:C21) -> 0 | D22: =SUM(D14:D21) -> 0 | E22: =IFERROR((D22-C22)/C22,"") | F22: =SUM(F14:F21) -> 0 | G22: =SUM(G14:G21) -> 0 | H22: =IFERROR((G22-F22)/F22,"") | I22: =SUM(I14:I21) -> 0 | J22: =SUM(J14:J21) -> 0 | K22: =IFERROR((J22-I22)/I22,"") | L22: =SUM(L14:L21) -> 0 | M22: =SUM(M14:M21) -> 0 | N22: =IFERROR((M22-L22)/L22,"") | O22: =SUM(O14:O21) -> 0 | P22: =SUM(P14:P21) -> 0 | Q22: =IFERROR((P22-O22)/O22,"") | R22: =SUM(R14:R21) -> 0 | S22: =SUM(S14:S21) -> 0 | T22: =IFERROR((S22-R22)/R22,"") | U22: =SUM(U14:U21) -> 0 | V22: =SUM(V14:V21) -> 0 | W22: =(V22-U22)/U22 -> #DIV/0! | X22: =SUM(X14:X21) -> 0 | Y22: =SUM(Y14:Y21) -> 0 | Z22: =IFERROR((Y22-X22)/X22,"") | AA22: =SUM(AA14:AA21) -> 0 | AB22: =SUM(AB14:AB21) -> 0 | AC22: =IFERROR((AB22-AA22)/AA22,"") | AD22: =SUM(AD14:AD21) -> 0 | AE22: =SUM(AE14:AE21) -> 0 | AF22: =IFERROR((AE22-AD22)/AD22,"") | AG22: =SUM(AG14:AG21) -> 0 | AH22: =SUM(AH14:AH21) -> 0 | AI22: =IFERROR((AH22-AG22)/AG22,"") | AJ22: =SUM(AJ14:AJ21) -> 0 | AK22: =SUM(AK14:AK21) -> 0 | AL22: =IFERROR((AK22-AJ22)/AJ22,"")
B25: Metrics Deviation analysis
A27: Month | B27: Deviating Milestone Name | C27: Root Cause | F27: Action Item

Sheet Defect Removal Effeciency (DRE)
A1: Project Metrics Sheet
B3: Project Name | C3: ='Effort Variance (EV)'!C3:F3 -> <>
B4: Project Code | C4: ='Effort Variance (EV)'!C4:F4 -> <>
B5: Project Manager | C5: ='Effort Variance (EV)'!C5:F5 -> <>
B6: Last Udated Date | C6: ='Effort Variance (EV)'!C6:F6 -> <>
B9: Defect Removal Efficiency
B11: Sr. No. | C11: Activity | D11: Count of Defects
B12: 1 | C12: Internal SRS Review Defects
B13: 2 | C13: Internal Design Review Defects
B14: 3 | C14: Internal code review Defects
B15: 4 | C15: Internal UTC review Defects
B16: 5 | C16: Internal QC Test Case Defects
B17: 6 | C17: UT Defects
B18: 7 | C18: QC Defects
B19: 8 | C19: Demo Defects
B20: 9 | C20: UAT Defects
B21: 10 | C21: STQC Defects
B22: 11 | C22: Cert-in Defects
B23: DRE | C23: =IFERROR(SUM(D12:D18)/SUM(D12:D22),"")
B25: Defect Rate is > 80 % so not corrective action is require
C28: Metrics Deviation analysis
B30: Month | C30: Deviating Milestone Name | D30: Root Cause | G30: Action Item

Sheet Defect Rate
A1: Project Metrics Sheet
B3: Project Name | C3: ='Effort Variance (EV)'!C3:F3 -> <>
B4: Project Code | C4: ='Effort Variance (EV)'!C4:F4 -> <>
B5: Project Manager | C5: ='Effort Variance (EV)'!C5:F5 -> <>
B6: Last Udated Date | C6: ='Effort Variance (EV)'!C6:F6 -> <>
B8: Effort Variance | C8: Target for Defect Rate: 0.013 to 0.049
B11: Milestone | C11: Total Defects | D11: Total Effort | E11: Defect rate
B12: Requirement | E12: =IFERROR(C12/D12,"")
B13: Design & Development | E13: =IFERROR(C13/D13,"")
B14: Testing | E14: =IFERROR(C14/D14,"")
B15: UAT | E15: =IFERROR(C15/D15,"")
B16: Total | C16: =SUM(C12:C15) -> 0 | D16: =SUM(D12:D15) -> 0 | E16: =IFERROR(C16/D16,"")
B18: Metrics Deviation analysis
B19: Month | C19: Metrics Deviation | D19: Root Cause | E19: Action Item

Sheet Design Review Efficiency
B2: Design Review Efficiency | D2: Target : 0.536 - 1.398
B4: Design Review Defects
B5: Design Review Efforts
B6: Design Review Efficiency | C6: =IFERROR(C4/C5,"")
B9: Metrics Deviation analysis
B11: Month | C11: Deviating Milestone Name | D11: Root Cause | G11: Action Item

Sheet Code Review Efficiency
B2: Code Review Efficiency | D2: Target : 0.040 - 0.139
B4: Code Review Defects
B5: Code Review Efforts
B6: Code Review Efficiency | C6: =IFERROR(C4/C5,"")
B9: Metrics Deviation analysis
B11: Month | C11: Deviating Milestone Name | D11: Root Cause | G11: Action Item

Sheet Review Effort %
B2: Review Effort % | D2: Target : 1.10% - 8.74%
B4: SRS Review Efforts
B5: Design Review Efforts
B6: Code Review Efforts
B7: Test Case & Test Plan Review Efforts
B8: Actual Efforts
B9: Review Effort % | C9: =IFERROR((C4+C5+C6+C7)/(C8),"")
B12: Metrics Deviation analysis
B14: Month | C14: Deviating Milestone Name | D14: Root Cause | G14: Action Item

Sheet Req analysis & SRS doc Effort%
B2: Requirement Analysis & SRS Documentation Effort % | D2: Target : 34.73% - 60.31%
B4: Req Analysis & SRS Documentation Effort
B5: Total Requirement Phase Effort
B6: Requirement Analysis & SRS Documentation Effort % | C6: =IFERROR(C4/C5,"")

Sheet Design Integration with App %
B2: Design Integration with Application Effort % | D2: Target : 5.04% - 15.99%
B4: Design Integration with Application Effort
B5: Design & Development Phase Effort
B6: Design Integration with Application Effort % | C6: =IFERROR(C4/C5,"")
B9: Metrics Deviation analysis
B11: Month | C11: Deviating Milestone Name | D11: Root Cause | G11: Action Item

Sheet Review Effectiveness
B2: Review Effectiveness | D2: Target : 50% - 70%
B4: SRS Review Defects
B5: Design Review Defects
B6: Code Review Defects
B7: Unit Testing Defects
B8: QC Testing Defects
B9: Review Effectiveness | C9: =IFERROR((C4+C5+C6+C7)/(C4+C5+C6+C7+C8),"")
B12: Metrics Deviation analysis
B14: Month | C14: Deviating Milestone Name | D14: Root Cause | G14: Action Item

Sheet Testing Efficiency
B2: Testing Efficiency | D2: Target : 70% - 100%
B4: QC Defects
B5: UAT Defects
B6: Security Audit Defects
B7: Testing Efficiency | C7: =IFERROR(C4/(C4+C5+C6),"")
B10: Metrics Deviation analysis
B12: Month | C12: Deviating Milestone Name | D12: Root Cause | G12: Action Item
