Workbook
Name CostHead: '[1]Setup Parameters'!$E$18:$E$23
Name Location: '[1]Setup Parameters'!$A$2:$A$5
Name ResourceType: '[1]Setup Parameters'!$C$9:$C$14

Sheet Read Me
A1: Read Me
A2: All white cells are editable in the estimation template
A4: Estimation Summary
A5: 1 | B5: In this sheet, mention the basic project information.
A6: 2 | B6: This sheet gives the amount of effort estimated for each phase, based on the effort distribution.
A7: 3 | B7: ‘Engineering effort’ is the total amount of effort estimated for the project
A8: 4 | B8: Total Size (complexity Point) is the calculated value of the complex points or the size of the work that has to be performed.
A9: 5 | B9: ‘Project Management Effort’ is the percentage of Engineering Effort that will be required for project management.
A10: 6 | B10: ‘Total Effort (Hours)’ is the sum of ‘Engineering Effort’ and ‘Project Management Effort’
A11: 7 | B11: ‘Contingency %’ is the percentage of total effort that counts for an incidental expense
A12: 8 | B12: ‘Grand Total Effort (Hours)’ is the sum of ‘Total Effort (Hours)’ and ‘‘Contingency %’’
A13: 9 | B13: ‘Assumptions’ and Risks: List all the assumptions and risks related to estimation
A15: Estimation Criteria
A16: 1 | B16: Mention the criteria for various complexities i.e. Low, Medium, High and effort spent in coding phase for each of the complexity.
A17: 2 | B17: Mention the effort distribution percentage for each phase.
A19: Estimation Sheet
A20: 1 | B20: List down all the functions or requirements to be developed
A21: 2 | B21: Identify the complexity in for each functions or requirements to be developed.
A22: 3 | B22: For each requirement, coding effort will get populated and we will get the sum of coding effort
A24: Revision History
A25: 1 | B25: Details of the revision done to the estimation to be logged in this sheet

Sheet Estimation Summary
A1: Estimation Summary
A3: Project Information
A4: Project Code | C4: Project Name
A5: Estimated By | C5: Estimation Date
A6: Reviewed By | C6: Review Date
A7: Approved By | C7: Approval Date
A9: Effort Distribution
A10: Phases | C10: % Effort | D10: Efforts
A11: ='Estimation Criteria'!A10 -> Requirement Development Phase | C11: ='Estimation Criteria'!B10 -> 20 | D11: =IF(NOT(ISBLANK(C11)),(($D$13/$C$13)*100)*C11/100,"") -> 24
A12: ='Estimation Criteria'!A11 -> Design Phase | C12: ='Estimation Criteria'!B11 -> 10 | D12: =IF(NOT(ISBLANK(C12)),(($D$13/$C$13)*100)*C12/100,"") -> 12
A13: ='Estimation Criteria'!A12 -> Coding and Unit Testing Phase | C13: ='Estimation Criteria'!B12 -> 30 | D13: ='Estimation Sheet'!E21 -> 36
A14: ='Estimation Criteria'!A13 -> Testing Phase | C14: ='Estimation Criteria'!B13 -> 5 | D14: =IF(NOT(ISBLANK(C14)),(($D$13/$C$13)*100)*C14/100,"") -> 6
A15: ='Estimation Criteria'!A14 -> User Acceptance Testing | C15: ='Estimation Criteria'!B14 -> 10 | D15: =IF(NOT(ISBLANK(C15)),(($D$13/$C$13)*100)*C15/100,"") -> 12
A16: ='Estimation Criteria'!A15 -> Certification Testing Phase | C16: ='Estimation Criteria'!B15 -> 10 | D16: =IF(NOT(ISBLANK(C16)),(($D$13/$C$13)*100)*C16/100,"") -> 12
A17: ='Estimation Criteria'!A16 -> STQC Phase | C17: ='Estimation Criteria'!B16 -> 10 | D17: =IF(NOT(ISBLANK(C17)),(($D$13/$C$13)*100)*C17/100,"") -> 12
A18: ='Estimation Criteria'!A17 -> Go-Live | C18: ='Estimation Criteria'!B17 -> 5 | D18: =IF(NOT(ISBLANK(C18)),(($D$13/$C$13)*100)*C18/100,"") -> 6
A19: Total Engineering Effort (Hours) | C19: =SUM(C11:C18) -> 100 | D19: =SUM(D11:D18) -> 120
A20: Total Size (complexity Point) | D20: ='Estimation Criteria'!F6 -> 18
A21: Productivity Factor (CP per Hour) | D21: =D20/D19 -> 0.15
A23: Miscellaneus Effort | D23: ='Miscellaneous Effort'!C14 -> 120
A25: Project Management and Support Activities Effort | D25: 0.1
A27: Total Effort (Hours) | D27: =D19+D23+((D19+D23)*D25) -> 264
A29: Contingency % | D29: 0.2
A31: Grand Total Effort (Hours) | D31: =D27+(D27*D29) -> 316.8
A33: Assumptions
A39: Risks

Sheet Calculation
B2: S.No | C2: Factors | D2: Value
B3: 1 | C3: Application Complexity | D3: =#REF! -> #REF! | E3: =HLOOKUP(D3,#REF!, 2,FALSE) -> #REF!
B4: 2 | C4: Clarity of the design / architecture | D4: =#REF! -> #REF! | E4: =HLOOKUP(D4,#REF!, 3,FALSE) -> #REF!
B5: 3 | C5: Application Experience | D5: =#REF! -> #REF! | E5: =HLOOKUP(D5,#REF!, 4,FALSE) -> #REF!
B6: 4 | C6: Project Experience | D6: =#REF! -> #REF! | E6: =HLOOKUP(D6,#REF!, 5,FALSE) -> #REF!
B7: 5 | C7: Tools involved | D7: =#REF! -> #REF! | E7: =HLOOKUP(D7,#REF!, 6,FALSE) -> #REF!
B8: 6 | C8: Domain Knowledge | D8: =#REF! -> #REF! | E8: =HLOOKUP(D8,#REF!, 7,FALSE) -> #REF!
B9: 7 | C9: Platform / Language Experience | D9: =#REF! -> #REF! | E9: =HLOOKUP(D9,#REF!, 8,FALSE) -> #REF!
B10: 8 | C10: Documentation to be created | D10: =#REF! -> #REF! | E10: =HLOOKUP(D10,#REF!, 9,FALSE) -> #REF!
B11: 9 | C11: Reusability | D11: =#REF! -> #REF! | E11: =HLOOKUP(D11,#REF!, 10,FALSE) -> #REF!
E12: =AVERAGE(E3:E11) -> #REF!
C16: Total Size | D16: =(SUM(#REF!)*#REF!+SUM(#REF!)*#REF!+SUM(#REF!)*#REF!) -> #REF!

Sheet Estimation Criteria
A1: Estimation Criteria Setup
B2: Criteria | C2: Effort in Coding Phase | D2: Normalisation | E2: Count of H/M/L | F2: Total Size
A3: Low | B3: ABC | C3: 2 | D3: =IF(NOT(ISBLANK(C3)),C3/C3,"") -> 1 | E3: =COUNTIF('Estimation Sheet'!D$5:D$20,"Low") -> 13 | F3: =E3*D3 -> 13
A4: Medium | B4: XYZ | C4: 3 | D4: =IF(NOT(ISBLANK(C4)),C4/C3,"") -> 1.5 | E4: =COUNTIF('Estimation Sheet'!D$5:D$20,"Medium") -> 2 | F4: =E4*D4 -> 3
A5: High | B5: PQR | C5: 4 | D5: =IF(NOT(ISBLANK(C5)),C5/C3,"") -> 2 | E5: =COUNTIF('Estimation Sheet'!D$5:D$20,"High") -> 1 | F5: =E5*D5 -> 2
E6: Total Size | F6: =SUM(F3:F5) -> 18
A8: Effort Distribution
A9: Phases | B9: % Effort
A10: Requirement Development Phase | B10: 20
A11: Design Phase | B11: 10
A12: Coding and Unit Testing Phase | B12: 30
A13: Testing Phase | B13: 5
A14: User Acceptance Testing | B14: 10
A15: Certification Testing Phase | B15: 10
A16: STQC Phase | B16: 10
A17: Go-Live | B17: 5
A18: Total | B18: =SUM(B10:B17) -> 100

Sheet Estimation Sheet
A1: Estimation Sheet
A2: Module Name
A3: Functions
A4: S. No | B4: Function No. | C4: Function Name | D4: Complexity | E4: Estimated Coding Effort
C5: A | D5: Low | E5: =VLOOKUP(D5,'Estimation Criteria'!$A$3:$C$5,3,FALSE) -> 2
C6: B | D6: Low | E6: =VLOOKUP(D6,'Estimation Criteria'!$A$3:$C$5,3,FALSE) -> 2
C7: C | D7: High | E7: =VLOOKUP(D7,'Estimation Criteria'!$A$3:$C$5,3,FALSE) -> 4
C8: D | D8: Low | E8: =VLOOKUP(D8,'Estimation Criteria'!$A$3:$C$5,3,FALSE) -> 2
C9: F | D9: Low | E9: =VLOOKUP(D9,'Estimation Criteria'!$A$3:$C$5,3,FALSE) -> 2
C10: G | D10: Low | E10: =VLOOKUP(D10,'Estimation Criteria'!$A$3:$C$5,3,FALSE) -> 2
C11: H | D11: Medium | E11: =VLOOKUP(D11,'Estimation Criteria'!$A$3:$C$5,3,FALSE) -> 3
C12: I | D12: Medium | E12: =VLOOKUP(D12,'Estimation Criteria'!$A$3:$C$5,3,FALSE) -> 3
C13: J | D13: Low | E13: =VLOOKUP(D13,'Estimation Criteria'!$A$3:$C$5,3,FALSE) -> 2
C14: K | D14: Low | E14: =VLOOKUP(D14,'Estimation Criteria'!$A$3:$C$5,3,FALSE) -> 2
C15: L | D15: Low | E15: =VLOOKUP(D15,'Estimation Criteria'!$A$3:$C$5,3,FALSE) -> 2
C16: M | D16: Low | E16: =VLOOKUP(D16,'Estimation Criteria'!$A$3:$C$5,3,FALSE) -> 2
... C20: A | D20: Low | E20: =VLOOKUP(D20,'Estimation Criteria'!$A$3:$C$5,3,FALSE) -> 2
D21: Sub Total | E21: =SUM(E5:E20) -> 36

Sheet Miscellaneous Effort
A1: Miscellaneous/Other Tasks
A2: Estimate the effort for miscellaneous/other tasks (like UAT support, User Training etc.) (Both Engineering and Non-Engineering)
A3: S. No | B3: Miscellaneous/Other Tasks | C3: Effort (Hours)
A4: 1 | B4: User training | C4: 100
A5: 2 | B5: Installation | C5: 20
A6: 3
A7: 4
A8: 5
A9: 6
A10: 7
A11: 8
A12: 9
A13: 10
B14: Total Miscellaneous/Other Effort (PH) | C14: =SUM(C4:C13) -> 120

Sheet Cost Estimation
A1: Cost Estimation
A2: Direct Cost | F2: In-Direct Cost
A3: Location | B3: Cost/Hr | C3: Resource Type | D3: Total Effort (in person hours) | E3: Resource Cost | F3: Parameter | G3: Cost
A4: Onsite | B4: 100 | C4: PM | D4: 25 | E4: =D4*$B4 -> 2500 | F4: Travel cost
A5: Off-on | B5: 80 | C5: FC | D5: 20 | E5: =D5*$B5 -> 1600 | F5: External consultant charges
A6: Onsite | B6: 50 | C6: TC | D6: 20 | E6: =D6*$B6 -> 1000 | F6: Insurance charges
A7: Offshore | B7: 50 | C7: Dev | D7: 20 | E7: =D7*$B7 -> 1000 | F7: Specific software cost
E8: =D8*$B8 -> 0 | F8: Travel allowance
E9: =D9*$B9 -> 0 | F9: Travel cost
E10: =D10*$B10 -> 0 | F10: Training cost
E11: =D11*$B11 -> 0
A12: Total Resource Cost | E12: =SUM(E4:E11) -> 6100 | F12: Total Indirect Cost | G12: =SUM(G4:G11) -> 0
A13: Total Cost Estimate | F13: =E12+G12 -> 6100

Sheet Revision History
B3: Revision History
B5: Ver. No. | C5: Date | D5: Prepared by/Modified by | E5: Significant changes | F5: Approved By
